"id","city","longitude","latitude"
"1103162","Achad","72.88333300","20.21666700"
"1103190","Adalaj","72.58333300","23.16666700"
"1103212","Adesar","70.98333300","23.55000000"
"1103218","Adhoi","70.51666700","23.40000000"
"1103229","Adityana","69.68250000","21.71555600"
"1103234","Adkot","71.13333300","22.00000000"
"1103238","Adri","70.28861100","20.96194400"
"1103239","Adriana","71.70000000","23.43333300"
"1103240","Adriyana","71.70000000","23.43333300"
"1103255","Adwal","71.91666700","22.43333300"
"1103256","Adwana","69.58333300","21.91666700"
"1103269","Agar","73.66666700","22.03333300"
"1103280","Agas","72.88333300","22.51666700"
"1103288","Agatrai","70.25000000","21.36666700"
"1103289","Agatral","70.25000000","21.36666700"
"1103301","Agol","72.26666700","23.15000000"
"1103338","Ahmadabad","72.61666700","23.03333300"
"1103342","Ahmadnagar","72.95000000","23.60000000"
"1103349","Ahmedabad","72.61666700","23.03333300"
"1103350","Ahmednagar","72.95000000","23.60000000"
"1103361","Ahwa","73.68333300","20.75000000"
"1103378","Aimand","72.93333300","22.56666700"
"1103401","Ajab","70.35000000","21.26666700"
"1103428","Akadia","71.10000000","21.65000000"
"1103476","Akolda","71.48333300","21.41666700"
"1103487","Akoti","73.18333300","21.16666700"
"1103491","Akri","68.60000000","23.38333300"
"1103492","Akrund","73.11666700","23.28333300"
"1103506","Alampur","71.73333300","21.95000000"
"1103563","Alidar","70.85000000","20.90000000"
"1103574","Alina","73.05000000","22.81666700"
"1103625","Alolda","71.48333300","21.41666700"
"1103639","Alu","73.81666700","23.05000000"
"1103662","Amadavad","72.61666700","23.03333300"
"1103671","Amalpada","73.68333300","21.25000000"
"1103716","Amba","73.23333300","20.58333300"
"1103742","Ambaldi","71.33333300","21.18333300"
"1103756","Ambargaon","72.75000000","20.20000000"
"1103786","Ambheti","73.01666700","20.38333300"
"1103838","Amkhuta","73.21666700","21.40000000"
"1103852","Amliyara","73.03333300","23.21666700"
"1103871","Amod","72.90000000","21.98333300"
"1103887","Amran","70.56666700","22.81666700"
"1103891","Amrapur","70.05000000","21.71666700"
"1103898","Amreli","71.23333300","21.61666700"
"1103906","Amroli","72.85000000","21.30000000"
"1103911","Amta","73.93333300","21.93333300"
"1103935","Anand","72.93333300","22.56666700"
"1103939","Anandpur","71.16666700","22.21666700"
"1103964","Anaud","72.93333300","22.56666700"
"1103966","Anawal","73.26666700","20.83333300"
"1103982","Andharkaneh","74.08333300","22.23333300"
"1104028","Anghad","73.08333300","22.38333300"
"1104032","Aniali","71.18333300","22.15000000"
"1104046","Anjar","70.01666700","23.13333300"
"1104060","Ankevalia","71.45000000","22.83333300"
"1104061","Ankevalia Mota","71.45000000","22.83333300"
"1104065","Anklachh","73.26666700","20.56666700"
"1104066","Ankleshwar","73.00000000","21.60000000"
"1104067","Anklesvar","73.00000000","21.60000000"
"1104098","Antapur","73.41666700","20.95000000"
"1104171","Aramda","69.01666700","22.40000000"
"1104174","Aramra","69.01666700","22.40000000"
"1104176","Arana","69.01666700","22.40000000"
"1104187","Aranra","69.01666700","22.40000000"
"1104223","Ardi","73.03333300","22.70000000"
"1104228","Areth","73.16666700","21.31666700"
"1104233","Aria","72.01666700","23.78333300"
"1104238","Arik","70.00000000","22.26666700"
"1104239","Arikh","70.00000000","22.26666700"
"1104269","Arnala","73.08333300","20.41666700"
"1104329","Asambia","69.45000000","22.96666700"
"1104344","Asara","71.38333300","24.33333300"
"1104348","Asarsa","72.58333300","21.93333300"
"1104420","Astgam","73.03333300","20.90000000"
"1104438","At","72.86666700","20.88333300"
"1104437","Atarsumba","72.96666700","23.05000000"
"1104445","Atgam","73.01666700","20.66666700"
"1104452","Athamna Bara","69.50000000","22.30000000"
"1104556","Avidha","73.18333300","21.76666700"
"1104634","Babra","71.30000000","21.85000000"
"1104655","Bachau","70.35000000","23.28333300"
"1104673","Bada","69.15000000","22.90000000"
"1104701","Badarpur","72.86666700","23.00000000"
"1104736","Badi","72.21666700","21.60000000"
"1104786","Baet","69.16666700","22.91666700"
"1104801","Bagasara","70.95000000","21.48333300"
"1104802","Bagasra","70.95000000","21.48333300"
"1104803","Bagathala","70.71666700","22.85000000"
"1104804","Bagathla","70.71666700","22.85000000"
"1104884","Bagodra","72.20000000","22.63333300"
"1104914","Bagwadar","69.59361100","21.78833300"
"1104916","Bahadarpur","73.55000000","22.21666700"
"1104927","Bahadurpur","73.55000000","22.21666700"
"1104951","Bahiel","72.88333300","23.06666700"
"1105061","Bajana","71.76666700","23.11666700"
"1105099","Bakharia","69.63333300","21.71666700"
"1105101","Bakharla","69.63333300","21.71666700"
"1105121","Bakor","73.60000000","23.33333300"
"1105141","Balachadi","70.21666700","22.60000000"
"1105148","Balagam","70.10000000","21.36666700"
"1105161","Balamba","70.43333300","22.71666700"
"1105165","Balana","71.30000000","20.85000000"
"1105185","Balasar","72.98333300","21.11666700"
"1105187","Balasinor","73.33333300","22.95000000"
"1105198","Baldanu","71.70000000","22.56666700"
"1105204","Baldhoi","71.05000000","22.05000000"
"1105205","Baldoi","71.05000000","22.05000000"
"1105213","Balesar","72.98333300","21.11666700"
"1105260","Balisna","72.26666700","23.81666700"
"1105305","Balol","72.11666700","22.53333300"
"1105329","Balupara","73.78333300","22.80000000"
"1105330","Balupura","73.78333300","22.80000000"
"1105344","Balwasa","74.33333300","23.03333300"
"1105346","Bamanbore","71.01666700","22.41666700"
"1105355","Bamankua","73.65000000","22.43333300"
"1105356","Bamankuwa","73.65000000","22.43333300"
"1105368","Bambhanka","70.33333300","23.81666700"
"1105409","Bampur","73.45000000","23.46666700"
"1105471","Bandar","71.78333300","21.05000000"
"1105495","Bandia","69.00000000","23.40000000"
"1105661","Bansda","73.36666700","20.75000000"
"1105699","Bantva","70.06888900","21.48638900"
"1105701","Bantwa","70.06888900","21.48638900"
"1105713","Baola","72.35000000","22.81666700"
"1105714","Baoli","71.40000000","22.93333300"
"1105719","Baori","73.45000000","20.81666700"
"1105771","Barada","69.01444400","22.19972200"
"1105907","Bardoli","73.11666700","21.11666700"
"1105909","Bardoti","73.11666700","21.11666700"
"1105919","Bareja","72.58333300","22.85000000"
"1105981","Baria","73.90000000","22.70000000"
"1106002","Bariya","73.90000000","22.70000000"
"1106061","Baroach","72.96666700","21.70000000"
"1106062","Baroda","73.20000000","22.30000000"
"1106072","Barodra","73.01666700","23.31666700"
"1106093","Barpatoli","71.38333300","20.98333300"
"1106150","Barvala","71.88333300","22.15000000"
"1106262","Basu","72.31666700","24.06666700"
"1106349","Batwa","72.61666700","22.95000000"
"1106359","Baunagar","72.15000000","21.76666700"
"1106376","Bavliari","72.11666700","22.08333300"
"1106394","Bayad","73.21666700","23.21666700"
"1106418","Bebar","69.45000000","23.45000000"
"1106428","Bed","69.90000000","22.43333300"
"1106431","Bedi","70.05000000","22.50000000"
"1106430","Bedi Bandar","70.05000000","22.50000000"
"1106438","Beerwarah","68.96305600","22.28944400"
"1106461","Beh","69.46666700","22.28333300"
"1106462","Behera","73.28333300","20.95000000"
"1106488","Bela","70.53333300","22.85000000"
"1106486","Bela-Amran","70.53333300","22.85000000"
"1106611","Benap","71.41666700","24.15000000"
"1106643","Ber","68.56666700","23.45000000"
"1106668","Ber Mota","68.56666700","23.45000000"
"1106639","Beraja","69.95000000","22.25000000"
"1106640","Berajia","69.95000000","22.25000000"
"1106693","Bet","69.10000000","22.45000000"
"1106730","Bhabar","71.59805600","24.06833300"
"1106731","Bhabbar","71.59805600","24.06833300"
"1106732","Bhabhar","71.59805600","24.06833300"
"1106733","Bhabhot","72.88333300","21.68333300"
"1106740","Bhachau","70.35000000","23.28333300"
"1106760","Bhad","69.85000000","21.51666700"
"1106749","Bhadarva","73.13333300","22.51666700"
"1106751","Bhadarwa","73.13333300","22.51666700"
"1106769","Bhadhot","72.88333300","21.68333300"
"1106770","Bhadia","69.48333300","22.83333300"
"1106771","Bhadia Nana","69.48333300","22.83333300"
"1106775","Bhadkad","72.75000000","22.61666700"
"1106777","Bhadla","71.10000000","22.18333300"
"1106778","Bhadli","71.43333300","22.01666700"
"1106782","Bhadra","68.93333300","23.45000000"
"1106792","Bhadran","72.90000000","22.36666700"
"1106795","Bhadresar","69.90000000","22.91666700"
"1106796","Bhadreswar","69.90000000","22.91666700"
"1106798","Bhadrod","71.80000000","21.13333300"
"1106802","Bhadthar","69.56666700","22.08333300"
"1106808","Bhadva","70.90000000","22.10000000"
"1106836","Bhagva","72.65000000","21.36666700"
"1106838","Bhagwa","72.65000000","21.36666700"
"1106852","Bhaika","71.88333300","22.50000000"
"1106907","Bhakodar","71.46666700","20.90000000"
"1106914","Bhalala","71.88333300","22.85000000"
"1106932","Bhalod","73.18333300","21.81666700"
"1106935","Bhalsan","70.16666700","22.31666700"
"1106936","Bhalsan Great","70.16666700","22.31666700"
"1106937","Bhalsan Mota","70.16666700","22.31666700"
"1106956","Bhanadra","73.63333300","21.86666700"
"1106967","Bhandaria","72.13333300","21.58333300"
"1106972","Bhandariya","72.13333300","21.58333300"
"1106981","Bhandu","72.36666700","23.70000000"
"1106983","Bhanduri","70.28333300","21.10000000"
"1106994","Bhangor","69.86666700","22.10000000"
"1107015","Bhanvad","69.77361100","21.92638900"
"1107019","Bhanwar","69.77361100","21.92638900"
"1107034","Bharapor","69.63333300","23.13333300"
"1107035","Bharapur","69.63333300","23.13333300"
"1107038","Bharat","72.23333300","24.33333300"
"1107048","Bharbhut","72.88333300","21.68333300"
"1107049","Bharduva","71.35000000","24.23333300"
"1107056","Bhariad","72.16666700","22.28333300"
"1107068","Bharnagar","72.15000000","21.76666700"
"1107071","Bharoch","72.96666700","21.70000000"
"1107083","Bharuch","72.96666700","21.70000000"
"1107105","Bhat","73.61666700","22.41666700"
"1107113","Bhatha","72.76666700","21.18333300"
"1107119","Bhatiya","69.28194400","22.09944400"
"1107151","Bhaunagar","72.15000000","21.76666700"
"1107165","Bhauwar","69.77361100","21.92638900"
"1107169","Bhavda","69.08472200","22.24416700"
"1107171","Bhavnagar","72.15000000","21.76666700"
"1107190","Bhaya nadar","70.25000000","21.85000000"
"1107189","Bhayala","72.31666700","22.76666700"
"1107193","Bhayaradar","70.25000000","21.85000000"
"1107194","Bhayavadar","70.25000000","21.85000000"
"1107195","Bhayawadar","70.25000000","21.85000000"
"1107199","Bhdrala","70.46666700","20.98333300"
"1107219","Bherai","71.48333300","20.95000000"
"1107220","Bherala","70.46666700","20.98333300"
"1107222","Bherandiala","69.66666700","23.66666700"
"1107226","Bhesan","70.70000000","21.55000000"
"1107248","Bhilari","72.03333300","24.18333300"
"1107251","Bhildi","72.03333300","24.18333300"
"1107252","Bhilka","70.60000000","21.43333300"
"1107253","Bhiloda","73.25000000","23.76666700"
"1107255","Bhilpur","73.96666700","22.45000000"
"1107264","Bhimasar","70.86666700","23.53333300"
"1107266","Bhimasir","70.86666700","23.53333300"
"1107272","Bhimkata","70.46666700","22.80000000"
"1107273","Bhimkatta","70.46666700","22.80000000"
"1107277","Bhimnath","71.91666700","22.25000000"
"1107278","Bhimora","71.23333300","22.33333300"
"1107282","Bhimpur","72.73333300","21.08333300"
"1107286","Bhimrad","71.58333300","22.08333300"
"1107293","Bhinar","73.33333300","20.81666700"
"1107315","Bhit","68.65000000","23.25000000"
"1107329","Bhogat","69.23944400","21.99027800"
"1107336","Bhoika","71.88333300","22.50000000"
"1107340","Bhojavadar","71.71666700","21.85000000"
"1107360","Bholawat","70.45000000","21.00000000"
"1107362","Bholowat","70.45000000","21.00000000"
"1107378","Bhooj","69.66666700","23.26666700"
"1107389","Bhorol","71.55000000","24.53333300"
"1107415","Bhuj","69.66666700","23.26666700"
"1107416","Bhujpur","69.63333300","22.86666700"
"1107433","Bhunagar","72.15000000","21.76666700"
"1107504","Bidada","69.46666700","22.90000000"
"1107620","Bildi","70.95000000","21.86666700"
"1107637","Bilimor","72.95000000","20.75000000"
"1107636","Bilimora","72.95000000","20.75000000"
"1107638","Bilkha","70.60000000","21.43333300"
"1107644","Bilodra","72.65000000","23.51666700"
"1107912","Bokri","70.56666700","22.91666700"
"1108013","Bordi","72.71666700","20.15000000"
"1108017","Borgam","73.68333300","21.25000000"
"1108027","Boria","71.71666700","22.56666700"
"1108051","Borki","70.56666700","22.91666700"
"1108063","Borsad","72.90000000","22.41666700"
"1108075","Botad","71.66666700","22.16666700"
"1108117","Brancavara","70.86666700","20.70000000"
"1108128","Broach","72.96666700","21.70000000"
"1108147","Buchow","70.35000000","23.28333300"
"1108203","Buhari","73.30000000","20.96666700"
"1108228","Bulsar","72.93333300","20.63333300"
"1108267","Bunxivara","70.90000000","20.71666700"
"1108275","Burcala","71.88333300","22.15000000"
"1108338","Buxivará","70.90000000","20.71666700"
"1106375","Bávliáli","72.11666700","22.08333300"
"1108367","Cambay","72.61666700","22.30000000"
"1108374","Canari","72.93333300","20.23333300"
"1108541","Chaklasi","72.93333300","22.65000000"
"1108563","Chakra","73.63333300","21.46666700"
"1108603","Chalala","71.16666700","21.41666700"
"1108621","Chaloda","72.45000000","22.80000000"
"1108623","Chalora","72.45000000","22.80000000"
"1108635","Chamardi","71.91666700","21.83333300"
"1108658","Champaner","73.55000000","22.48333300"
"1108692","Chanasma","72.11666700","23.71666700"
"1108721","Chandap","72.85000000","23.91666700"
"1108726","Chandarni","73.13333300","23.66666700"
"1108737","Chandawari","70.45000000","21.21666700"
"1108776","Chandisar","72.31666700","24.21666700"
"1108782","Chandli","70.58333300","22.15000000"
"1108790","Chandod","73.46666700","21.98333300"
"1108813","Chandrani","70.06666700","23.28333300"
"1108822","Chandrawada","69.46666700","21.87277800"
"1108825","Chandrora","71.96666700","23.58333300"
"1108846","Chandyan","73.13333300","23.66666700"
"1108928","Charadva","71.01666700","22.91666700"
"1108936","Charan","71.53333300","21.91666700"
"1108966","Charkha","71.21666700","21.43333300"
"1108968","Charkhardi","70.66666700","21.90000000"
"1108985","Charopadi Moti","68.68333300","23.36666700"
"1109011","Chatar","70.23333300","22.13333300"
"1109102","Chavad","71.40000000","21.80000000"
"1109226","Chhaen","74.31666700","22.98333300"
"1109234","Chhala","72.76666700","23.30000000"
"1109235","Chhalala","71.80000000","22.41666700"
"1109284","Chhara","70.71472200","20.73972200"
"1109290","Chhasra","69.81666700","22.96666700"
"1109348","Chhipdi","72.91666700","22.96666700"
"1109349","Chhipri","72.91666700","22.96666700"
"1109370","Chhota Udepur","74.01666700","22.31666700"
"1109377","Chhuchhapura","73.60000000","22.18333300"
"1109430","Chikda","73.65000000","21.51666700"
"1109434","Chikhli","73.06666700","20.75000000"
"1109446","Chikli","73.96666700","21.46666700"
"1109460","Chilakota","74.11666700","22.73333300"
"1109596","Chiol","73.11666700","20.43333300"
"1109609","Chirai M","70.25000000","23.20000000"
"1109610","Chirai Mota","70.25000000","23.20000000"
"1109642","Chital","71.20000000","21.73333300"
"1109681","Chitrod","70.70000000","23.40000000"
"1109682","Chitror","70.70000000","23.40000000"
"1109716","Chobari","71.20000000","22.26666700"
"1109724","Chodwan","73.83333300","21.41666700"
"1109732","Chok","71.76666700","21.41666700"
"1109734","Chokri","71.60000000","22.48333300"
"1109790","Chor Warodra","72.21666700","23.11666700"
"1109764","Choranda","73.15000000","21.98333300"
"1109765","Chorandla","73.68333300","22.16666700"
"1109766","Chorangla","73.68333300","22.16666700"
"1109776","Chorimal","73.31666700","23.86666700"
"1109778","Chorivad","73.11666700","23.88333300"
"1109786","Chorunal","73.31666700","23.86666700"
"1109787","Chorwad","70.23333300","21.01666700"
"1109789","Chorwar","70.23333300","21.01666700"
"1109802","Chota Udaipur","74.01666700","22.31666700"
"1109805","Chotila","71.18333300","22.41666700"
"1109817","Chuda","71.68333300","22.48333300"
"1109819","Chudeswar","69.53333300","22.35000000"
"1109835","Chuna","71.75000000","21.21666700"
"1109849","Chunda","70.81666700","21.60000000"
"1109853","Chunel","73.03333300","22.75000000"
"1109863","Chura","70.81666700","21.60000000"
"1109896","Civil Station","71.68333300","22.70000000"
"1109905","Cogna","72.28333300","21.68333300"
"1109987","Cutch Mandi","69.36666700","22.83333300"
"1109988","Cutch-Mandvi","69.36666700","22.83333300"
"1110007","Dabha","73.10000000","23.20000000"
"1110012","Dabhel","72.95000000","21.03333300"
"1110017","Dabhoda","72.73333300","23.16666700"
"1110018","Dabhoi","73.43333300","22.18333300"
"1110023","Dabka","72.95000000","22.25000000"
"1110066","Dadhaha","73.36666700","23.55000000"
"1110067","Dadhalia","73.36666700","23.55000000"
"1110093","Dagachi","70.90000000","20.70000000"
"1110099","Dagasi","70.90000000","20.70000000"
"1110118","Dahegam","72.81666700","23.16666700"
"1110119","Dahej","72.58333300","21.70000000"
"1110120","Dahida","71.11666700","21.40000000"
"1110127","Dahinsara","70.61666700","22.96666700"
"1110128","Dahiusara","70.61666700","22.96666700"
"1110134","Dahod","74.26666700","22.83333300"
"1110138","Daidarda","71.73333300","24.48333300"
"1110144","Daisalpur","70.68333300","23.73333300"
"1110146","Daisara","69.51666700","23.10000000"
"1110157","Dakor","73.15000000","22.75000000"
"1110189","Dalkhania","70.91666700","21.23333300"
"1110214","Dama","72.08333300","24.28333300"
"1110244","Damka","72.66666700","21.20000000"
"1110246","Damlawari","72.75000000","21.00000000"
"1110249","Damnagar","71.51666700","21.70000000"
"1110280","Dandi","72.63333300","21.33333300"
"1110302","Dangarva","72.45000000","23.38333300"
"1110303","Dangarvadi","70.93333300","20.71666700"
"1110304","Dangarwa","72.45000000","23.38333300"
"1110320","Dangrawari","70.93333300","20.71666700"
"1110347","Danta","72.76666700","24.18333300"
"1110346","Danta-Bhavangadh","72.76666700","24.18333300"
"1110350","Dantali","73.13333300","23.08333300"
"1110355","Dantivada","72.33333300","24.35000000"
"1110415","Dared","71.73333300","21.98333300"
"1110440","Dari","70.32250000","20.94555600"
"1110494","Dasada","71.83333300","23.31666700"
"1110514","Daslana","72.05000000","23.25000000"
"1110536","Datha","71.95000000","21.68333300"
"1110609","Debhari","73.51666700","23.26666700"
"1110618","Dedadra","71.76666700","22.78333300"
"1110620","Dedan","71.28333300","21.05000000"
"1110621","Dedarda","71.70000000","21.48333300"
"1110624","Dediapada","73.58333300","21.63333300"
"1110627","Deesa","72.16666700","24.25000000"
"1110628","Degam","69.59583300","21.69888900"
"1110639","Dehej","72.58333300","21.70000000"
"1110638","Dehejbara","72.58333300","21.70000000"
"1110640","Deheli","73.21666700","21.56666700"
"1110641","Dehemai","73.21666700","23.15000000"
"1110642","Dehgam","72.81666700","23.16666700"
"1110666","Dekawara","72.15000000","23.35000000"
"1110677","Delol","73.51666700","22.65000000"
"1110678","Delvada","71.03333300","20.76666700"
"1110681","Delwara","72.83333300","20.96666700"
"1110707","Deogad","73.33333300","21.38333300"
"1110728","Deolia","70.98333300","23.01666700"
"1110731","Deolia Para","74.40000000","22.88333300"
"1110743","Deora","69.88333300","21.73333300"
"1110794","Derdi Janbai","71.45000000","21.81666700"
"1110801","Derol","72.83333300","23.58333300"
"1110802","Deroli","73.25000000","23.08333300"
"1110793","Deráwáli","70.16666700","22.31666700"
"1110804","Desalpur","70.68333300","23.73333300"
"1110805","Desar","73.28333300","22.71666700"
"1110817","Desotar","72.86666700","23.80000000"
"1110824","Detroj","72.18333300","23.33333300"
"1110902","Dev Mori","73.43333300","23.66666700"
"1110903","Dev-ni-Mori","73.43333300","23.66666700"
"1110848","Devani Mori","73.43333300","23.66666700"
"1110868","Devgad Baria","73.90000000","22.70000000"
"1110870","Devgadh Bariya","73.90000000","22.70000000"
"1110895","Devjagan","72.53333300","21.91666700"
"1110898","Devlia","71.85000000","22.78333300"
"1110918","Dewan","72.83333300","22.28333300"
"1110926","Deyall","71.95000000","21.68333300"
"1110948","Dhaita","73.86666700","21.25000000"
"1110986","Dhamlej","70.61305600","20.77722200"
"1111041","Dhandhalpur","71.35000000","22.38333300"
"1111046","Dhandhuka","71.98333300","22.36666700"
"1111055","Dhanera","72.01666700","24.51666700"
"1111066","Dhangdhar","73.46666700","20.86666700"
"1111085","Dhank","70.13333300","21.76666700"
"1111111","Dhanpur","74.10000000","22.63333300"
"1111118","Dhansura","73.20000000","23.35000000"
"1111139","Dharabandar","71.23333300","20.81666700"
"1111150","Dharampore","73.18333300","20.53333300"
"1111152","Dharampur","73.18333300","20.53333300"
"1111162","Dharara","72.78333300","24.26666700"
"1111164","Dharasana","72.91666700","20.68333300"
"1111165","Dharasma","72.91666700","20.68333300"
"1111189","Dhari","71.01666700","21.33333300"
"1111197","Dharmaj","72.80000000","22.41666700"
"1111229","Dharoli","73.23333300","21.61666700"
"1111243","Dhasa","71.51666700","21.80000000"
"1111295","Dhima","71.51666700","24.46666700"
"1111306","Dhinoj","72.28333300","23.66666700"
"1111335","Dhola","71.78333300","21.88333300"
"1111341","Dholasa","70.85000000","20.81666700"
"1111343","Dholera","72.20000000","22.25000000"
"1111346","Dholia","72.85000000","24.15000000"
"1111348","Dholka","72.46666700","22.71666700"
"1111349","Dholovira","70.21666700","23.86666700"
"1111365","Dhorail","70.45000000","21.73333300"
"1111366","Dhoraji","70.45000000","21.73333300"
"1111383","Dhrangadhra","71.46666700","22.98333300"
"1111384","Dhrangadra","71.46666700","22.98333300"
"1111385","Dhrasanvel","69.03333300","22.28333300"
"1111386","Dhrol","70.41666700","22.56666700"
"1111421","Dhunvav","70.13333300","22.48333300"
"1111436","Dhurrumpur","73.18333300","20.53333300"
"1111442","Dhuvaran","72.80000000","22.23333300"
"1111443","Dhuwaran","72.80000000","22.23333300"
"1111495","Dighas","73.06666700","21.26666700"
"1111520","Digsar","71.48333300","22.71666700"
"1111533","Dihor","72.03333300","21.48333300"
"1111543","Dikshal","73.33333300","20.28333300"
"1111547","Dilarampur","73.18333300","20.53333300"
"1111555","Dillwara","73.10000000","24.35000000"
"1111556","Dilwara","73.10000000","24.35000000"
"1111587","Diodar","71.78333300","24.10000000"
"1111604","Disa","72.16666700","24.25000000"
"1111634","Diyodar","71.78333300","24.10000000"
"1111692","Dohad","74.26666700","22.83333300"
"1111712","Dolasa","70.85000000","20.81666700"
"1111715","Dolatpur","73.28333300","21.58333300"
"1111725","Dolwan","73.33333300","20.90000000"
"1111759","Dongar","71.55000000","21.06666700"
"1111796","Dores","70.96666700","20.71666700"
"1111824","Drafa","70.10000000","21.96666700"
"1111875","Dudhai","70.13333300","23.31666700"
"1111877","Dudhala","71.06666700","21.16666700"
"1111883","Dudhia","74.00000000","22.88333300"
"1111895","Dudkha","71.68333300","23.61666700"
"1111954","Dumas","72.70000000","21.10000000"
"1111968","Dumkhal","73.83333300","21.73333300"
"1111972","Dumra","69.03333300","23.05000000"
"1112002","Dungarpur","71.73333300","21.28333300"
"1112014","Dungri","74.11666700","22.96666700"
"1112071","Duva","71.91666700","24.53333300"
"1112083","Dwarka","68.96777800","22.23944400"
"1112116","Eklara","72.81666700","23.75000000"
"1112130","Elao","72.80000000","21.45000000"
"1112245","Fakirwari","69.61666700","23.21666700"
"1112253","Faradi","69.51666700","22.95000000"
"1112285","Fatehgadh","70.85000000","23.68333300"
"1112298","Fatehgndh","70.85000000","23.68333300"
"1112301","Fatehpura","74.03333300","23.25000000"
"1112358","Forte de Nagoá","70.91666700","20.71666700"
"1112374","Gabat","73.35000000","23.26666700"
"1112390","Gad Boriad","73.83333300","22.05000000"
"1112395","Gadhada","71.56666700","21.96666700"
"1112396","Gadhagra","71.38333300","21.26666700"
"1112398","Gadhaka","69.41666700","22.10000000"
"1112399","Gadhali","71.61666700","21.86666700"
"1112400","Gadhechi","69.04388900","22.35611100"
"1112402","Gadhia","71.13333300","21.21666700"
"1112406","Gadhka","69.41666700","22.10000000"
"1112407","Gadhoola","71.71666700","21.73333300"
"1112408","Gadhula","71.71666700","21.73333300"
"1112417","Gadra","70.35000000","23.86666700"
"1112419","Gadu","70.29388900","21.05000000"
"1112423","Gaga","69.19333300","22.13972200"
"1112539","Gamph","72.16666700","22.36666700"
"1112544","Ganadevi","72.98333300","20.81666700"
"1112572","Gandeva","73.06666700","20.83333300"
"1112573","Gandevi","72.98333300","20.81666700"
"1112582","Gandhidham","70.13333300","23.08333300"
"1112585","Gandhinagar","72.68333300","23.21666700"
"1112593","Gandi Dham","70.13333300","23.08333300"
"1112608","Ganeshpura","72.35000000","23.91666700"
"1112614","Gangabana","69.95000000","22.25000000"
"1112706","Ganod","70.18333300","21.66666700"
"1112732","Garada","74.11666700","23.16666700"
"1112746","Garara","74.11666700","23.16666700"
"1112749","Garbada","74.31666700","22.68333300"
"1112750","Garbara","74.31666700","22.68333300"
"1112761","Garej","69.86527800","21.46638900"
"1112773","Garh Anapur","72.18333300","24.58333300"
"1112813","Gariadhar","71.58333300","21.53333300"
"1112824","Gariyadhar","71.58333300","21.53333300"
"1112826","Garkhadi","73.88333300","20.80000000"
"1112832","Garmali","71.16666700","21.35000000"
"1112833","Garmali Nani","71.16666700","21.35000000"
"1112856","Garvi","73.68333300","20.83333300"
"1112868","Gathaman","72.38333300","24.15000000"
"1112912","Gavridad","70.78333300","22.40000000"
"1112927","Gedi","71.93333300","22.61666700"
"1112967","Ghaluad","72.71666700","20.08333300"
"1112968","Ghalvad","72.71666700","20.08333300"
"1112972","Ghamnad","72.95000000","21.95000000"
"1112975","Ghana","73.71666700","20.88333300"
"1112985","Ghandinagar","72.68333300","23.21666700"
"1112996","Ghanshyampur","71.20000000","22.95000000"
"1113005","Ghantila","71.01666700","23.13333300"
"1113006","Ghantoli","73.30000000","21.30000000"
"1113105","Ghodasar","71.85000000","24.45000000"
"1113106","Ghodbar","73.30000000","21.41666700"
"1113114","Ghogha","72.28333300","21.68333300"
"1113119","Gholau","73.80000000","22.70000000"
"1113120","Gholav","73.80000000","22.70000000"
"1113122","Gholvad","72.71666700","20.08333300"
"1113135","Ghorasar","72.83333300","22.90000000"
"1113145","Ghota","70.90000000","22.83333300"
"1113156","Ghotu","70.90000000","22.83333300"
"1113161","Ghuar Mota","68.51666700","23.66666700"
"1113171","Ghunada","70.65000000","22.70000000"
"1113202","Ghutia","73.85000000","22.41666700"
"1113221","Gigasaran","70.95000000","21.28333300"
"1113226","Gijram","73.11666700","21.48333300"
"1113286","Goarsama","69.76666700","22.85000000"
"1113327","Godhr","73.63333300","22.75000000"
"1113326","Godhra","73.63333300","22.75000000"
"1113334","Godra","69.26666700","22.91666700"
"1113349","Gogha","72.28333300","21.68333300"
"1113374","Goima","73.01666700","20.45000000"
"1113378","Gokalpura","71.95000000","23.75000000"
"1113386","Gokhatar","71.38333300","23.75000000"
"1113387","Gokolpura","71.95000000","23.75000000"
"1113402","Golana","72.41666700","22.45000000"
"1113455","Gomta","70.73333300","21.86666700"
"1113460","Gondal","70.80000000","21.96666700"
"1113518","Gop","69.91666700","22.01666700"
"1113543","Goraj","73.48333300","22.33333300"
"1113579","Gorsar","69.89944400","21.32944400"
"1113587","Gorva","73.16666700","22.31666700"
"1113588","Gorwa","73.16666700","22.31666700"
"1113606","Gotarka","71.48333300","23.73333300"
"1113616","Gothva","72.61666700","23.63333300"
"1113701","Guema","73.01666700","20.45000000"
"1113776","Gulur","72.71666700","20.08333300"
"1113787","Gumanday","73.11666700","21.70000000"
"1113788","Gumandev","73.11666700","21.70000000"
"1113821","Gunda","69.71666700","22.01666700"
"1113827","Gunda M","69.71666700","22.01666700"
"1113824","Gundala","69.76666700","22.91666700"
"1113846","Gundi","72.21666700","22.55000000"
"1113838","Gundiali","71.60000000","22.61666700"
"1113898","Gunra","69.96666700","22.05000000"
"1113941","Gurgat","69.19166700","22.19777800"
"1113991","Guthli","73.35000000","23.03333300"
"1114016","Gyram","73.11666700","21.48333300"
"1114044","Hadiad","72.86666700","22.70000000"
"1114048","Hadmatia","70.48333300","22.43333300"
"1114049","Hadmatiya","70.48333300","22.41666700"
"1114051","Hadol","72.80000000","23.95000000"
"1114127","Halenda","71.03333300","22.08333300"
"1114153","Halol","73.46666700","22.50000000"
"1114160","Halvad","71.18333300","23.01666700"
"1114162","Halwad","71.18333300","23.01666700"
"1114239","Hansot","72.80000000","21.58333300"
"1114243","Hansut","72.80000000","21.58333300"
"1114308","Hariana","70.26666700","22.60000000"
"1114326","Harij","71.90000000","23.70000000"
"1114330","Harinagar","72.61666700","21.80000000"
"1114340","Haripura","73.46666700","20.91666700"
"1114401","Harsol","73.00000000","23.36666700"
"1114425","Hasanpur","72.55000000","24.23333300"
"1114463","Hathab","72.26666700","21.60000000"
"1114542","Hebatpur","72.10000000","22.15000000"
"1114582","Herola","74.06666700","23.06666700"
"1114601","Himala","74.41666700","22.86666700"
"1114602","Himatnagar","72.95000000","23.60000000"
"1114614","Hindolia","73.70000000","23.26666700"
"1114640","Hirad","72.96666700","24.26666700"
"1114759","Hosainpura","72.55000000","24.23333300"
"1114787","Hubakvad","72.03333300","21.41666700"
"1114886","Iavej","71.73333300","21.40000000"
"1114944","Ilav","72.80000000","21.45000000"
"1114952","Ilol","72.88333300","23.65000000"
"1115000","Indran","73.31666700","23.13333300"
"1115071","Ishwaria","71.00000000","21.96666700"
"1115104","Itaria","71.41666700","21.96666700"
"1115167","Jafarabad","71.36666700","20.86666700"
"1115238","Jagudan","72.41666700","23.51666700"
"1115324","Jakhan","68.71666700","23.21666700"
"1115328","Jakhau","68.71666700","23.21666700"
"1115356","Jalalpore","72.90000000","20.96666700"
"1115360","Jalalpur","72.90000000","20.96666700"
"1115394","Jalia","70.25000000","21.80000000"
"1115413","Jalotra","72.56666700","24.15000000"
"1115439","Jamanpur","71.96666700","23.71666700"
"1115451","Jambuda","70.21666700","22.51666700"
"1115452","Jambughoda","73.71666700","22.36666700"
"1115456","Jambura","70.20000000","22.53333300"
"1115458","Jambusar","72.80000000","22.05000000"
"1115462","Jamdar","73.78333300","20.61666700"
"1115480","Jamka","71.00000000","21.48333300"
"1115489","Jamnagar","70.06666700","22.46666700"
"1115496","Jamnogar","70.06666700","22.46666700"
"1115533","Janan","70.30000000","23.81666700"
"1115563","Janghi","70.56666700","23.21666700"
"1115566","Jangi","70.56666700","23.21666700"
"1115588","Janjmeer","72.06666700","21.18333300"
"1115596","Janor","73.11666700","21.83333300"
"1115599","Janra","71.68333300","22.10000000"
"1115639","Jaria","72.03333300","24.60000000"
"1115650","Jarod","73.33333300","22.43333300"
"1115666","Jasdan","71.20000000","22.03333300"
"1115701","Jatawada","70.71666700","23.81666700"
"1115781","Jegri","71.78333300","21.05000000"
"1115792","Jepur","70.76666700","22.86666700"
"1115796","Jesavada","74.20000000","22.73333300"
"1115797","Jesawara","74.20000000","22.73333300"
"1115800","Jetalpur","72.60000000","22.88333300"
"1115801","Jetalsar","70.58333300","21.70000000"
"1115805","Jetpur","70.61666700","21.73333300"
"1115816","Jhabugam","73.76666700","22.28333300"
"1115819","Jhagadia","73.15000000","21.70000000"
"1115823","Jhajham","71.33333300","23.93333300"
"1115830","Jhakar","69.81666700","22.36666700"
"1115846","Jhalod","74.15000000","23.10000000"
"1115868","Jhanjhmer","72.06666700","21.18333300"
"1115869","Jhanjwa","73.03333300","24.15000000"
"1115870","Jhankhar","69.76666700","22.36666700"
"1115916","Jherda","72.11666700","24.38333300"
"1115932","Jhinjhuvada","71.65000000","23.35000000"
"1115947","Jhogadia","73.15000000","21.70000000"
"1115962","Jhunjuwara","71.65000000","23.35000000"
"1115966","Jhura","69.61666700","23.43333300"
"1115967","Jhuran","69.98333300","23.36666700"
"1116050","Jodhpur","70.03333300","21.88333300"
"1116053","Jodiya","70.28333300","22.71666700"
"1116052","Jodiya Bandar","70.28333300","22.71666700"
"1116086","Jokha","73.03333300","21.23333300"
"1116175","Juna Raj","73.61666700","21.78333300"
"1116171","Junagad","70.46666700","21.51666700"
"1116170","Junagadh","70.46666700","21.51666700"
"1116172","Junagarh","70.46666700","21.51666700"
"1116174","Junaghur","70.46666700","21.51666700"
"1116190","Juria Fort","70.30000000","22.70000000"
"1116224","Kachchigadh","68.95000000","22.33333300"
"1116235","Kachholi","72.96666700","20.83333300"
"1116251","Kadach","69.91666700","21.35000000"
"1116268","Kadana","73.83333300","23.30000000"
"1116286","Kadi","72.33333300","23.30000000"
"1116302","Kadod","73.23333300","21.21666700"
"1116303","Kadpur","71.78333300","21.05000000"
"1116314","Kadval","73.75000000","22.50000000"
"1116313","Kadvali","73.43333300","21.53333300"
"1116317","Kadwar","70.44944400","20.85166700"
"1116328","Kagdari","70.76666700","22.48333300"
"1116340","Kahanuwa","72.90000000","22.18333300"
"1116341","Kahanva","72.90000000","22.18333300"
"1116343","Kahari","73.71666700","23.40000000"
"1116397","Kaipur","72.66666700","23.75000000"
"1116400","Kaira","72.68333300","22.75000000"
"1116428","Kajli","73.76666700","23.23333300"
"1116438","Kakanpur","73.48333300","22.83333300"
"1116477","Kakosi","72.30000000","24.00000000"
"1116478","Kakoski","72.30000000","24.00000000"
"1116486","Kakreji","70.91666700","23.08333300"
"1116578","Kalatalav","72.13333300","21.85000000"
"1116583","Kalavad","70.38333300","22.21666700"
"1116617","Kaliana","70.15000000","22.26666700"
"1116723","Kalol","72.48333300","23.25000000"
"1116738","Kalri","72.06666700","23.51666700"
"1116781","Kalyanpur","69.40416700","22.01527800"
"1116789","Kamadhia","70.93333300","21.83333300"
"1116805","Kamalpur","72.06666700","22.50000000"
"1116844","Kambay","72.61666700","22.30000000"
"1116884","Kamrej","72.98333300","21.28333300"
"1116896","Kanadi","72.93333300","20.23333300"
"1116922","Kanalus","69.90166700","22.32027800"
"1116948","Kanawara","72.53333300","22.55000000"
"1116981","Kandh","73.08333300","21.58333300"
"1117004","Kandla","70.21666700","23.03333300"
"1117005","Kandla Port","70.21666700","22.98333300"
"1117009","Kandorna","69.88333300","21.65000000"
"1117075","Kanij","72.70000000","22.86666700"
"1117095","Kanjeta","74.11666700","22.58333300"
"1117114","Kankavati","71.40000000","23.10000000"
"1117154","Kanodar","72.38333300","24.10000000"
"1117164","Kanpar","71.05000000","21.96666700"
"1117195","Kantharia","71.86666700","22.41666700"
"1117197","Kanthkot","70.46666700","23.48333300"
"1117204","Kantkot","70.46666700","23.48333300"
"1117237","Kapadranj","73.06666700","23.01666700"
"1117238","Kapadvanj","73.06666700","23.01666700"
"1117263","Kapura","73.36666700","21.08333300"
"1117303","Karakthal","72.10000000","23.05000000"
"1117307","Karali","73.83333300","22.18333300"
"1117320","Karamsad","72.90000000","22.55000000"
"1117336","Karanj","72.68333300","21.41666700"
"1117375","Karban","71.65000000","24.60000000"
"1117423","Kariana","71.35000000","21.88333300"
"1117490","Karnali","73.48333300","21.98333300"
"1117487","Karnádi","72.93333300","20.23333300"
"1117562","Karvan","73.25000000","22.06666700"
"1117567","Karwan","73.25000000","22.06666700"
"1117584","Kasandra","72.48333300","22.88333300"
"1117669","Katadi","69.21666700","23.01666700"
"1117702","Kathara","73.75000000","22.41666700"
"1117714","Kathiwadar Bandar","71.56666700","20.96666700"
"1117720","Kathlal","72.98333300","22.90000000"
"1117725","Kathor","72.93333300","21.30000000"
"1117747","Katkola","69.88333300","21.83333300"
"1117764","Katosan","72.21666700","23.46666700"
"1117766","Katosan Road","72.23333300","23.40000000"
"1117765","Katosan Road Junction","72.23333300","23.40000000"
"1117770","Katpur","71.78333300","21.05000000"
"1117802","Katwara","74.33333300","22.76666700"
"1117812","Kau","73.31666700","23.36666700"
"1117839","Kavant","74.05000000","22.10000000"
"1117850","Kavi","72.63333300","22.20000000"
"1117869","Kawant","74.05000000","22.10000000"
"1117876","Kawi","72.63333300","22.20000000"
"1117939","Kel","73.70000000","23.03333300"
"1118001","Kera","69.60000000","23.08333300"
"1118022","Kervada","72.85000000","21.90000000"
"1118024","Kerwada","72.85000000","21.90000000"
"1118036","Keshod","70.25000000","21.30000000"
"1118040","Keshrol","72.78333300","21.71666700"
"1118042","Kesia","70.38333300","22.66666700"
"1118047","Kesod","70.25000000","21.30000000"
"1118064","Kevdi","73.45000000","21.50000000"
"1118089","Khagasari","69.98333300","21.75000000"
"1118160","Khakharda","69.37416700","22.10194400"
"1118218","Khambalya","70.18805600","21.04500000"
"1118219","Khambayat","72.61666700","22.30000000"
"1118220","Khambha","71.25000000","21.15000000"
"1118221","Khambhalia","69.66833300","22.20722200"
"1118222","Khambhaliva","69.66833300","22.20722200"
"1118223","Khambhaliya","69.66833300","22.20722200"
"1118224","Khambhat","72.61666700","22.30000000"
"1118225","Khambhodar","69.60000000","21.80000000"
"1118275","Khandera","70.31666700","22.28333300"
"1118307","Khankotra","70.25000000","22.28333300"
"1118339","Kharad","72.01666700","22.31666700"
"1118374","Kharba","70.06666700","22.18333300"
"1118381","Kharchia","70.60000000","22.85000000"
"1118395","Khareri","70.48333300","22.06666700"
"1118424","Khari Rohar","70.15000000","23.08333300"
"1118410","Kharia","70.53333300","21.41666700"
"1118428","Kharkala","71.33333300","21.43333300"
"1118509","Khatumba","69.13333300","22.28333300"
"1118514","Khavad","72.23333300","23.20000000"
"1118512","Khavadi","69.90000000","22.38333300"
"1118513","Khavadi Mota","69.90000000","22.38333300"
"1118515","Khavda","69.71666700","23.85000000"
"1118517","Khawad","72.23333300","23.20000000"
"1118516","Khawada","69.71666700","23.85000000"
"1118534","Khed Brahma","73.05000000","24.03333300"
"1118531","Kheda","72.68333300","22.75000000"
"1118538","Khedoi","69.91666700","23.06666700"
"1118541","Khedwa","73.11666700","24.11666700"
"1118557","Khemat","72.18333300","24.48333300"
"1118567","Kheradi","73.30000000","23.68333300"
"1118574","Kherali","71.60000000","22.68333300"
"1118575","Kheralu","72.61666700","23.88333300"
"1118581","Khergam","73.10000000","20.63333300"
"1118602","Kherod","73.01666700","24.23333300"
"1118617","Khetwa","72.05000000","24.20000000"
"1118629","Khijadia","71.16666700","21.88333300"
"1118630","Khijariya","70.50000000","22.30000000"
"1118639","Khimrana","70.16666700","22.46666700"
"1118640","Khimrara","70.16666700","22.46666700"
"1118650","Khirasra","69.86666700","21.73333300"
"1118677","Khodu","71.48333300","22.78333300"
"1118685","Khojachora","69.43333300","23.01666700"
"1118695","Khokhri","70.81666700","21.81666700"
"1118703","Khombhadi","69.11666700","23.41666700"
"1118704","Khombhadi Mota","69.11666700","23.41666700"
"1118705","Khombhadi Nana","69.11666700","23.41666700"
"1118706","Khombhdi","69.11666700","23.41666700"
"1118716","Khorana","70.83333300","22.43333300"
"1118787","Khuntaora","71.65000000","21.18333300"
"1118825","Khuvda","69.71666700","23.85000000"
"1118829","Khyaria","70.50000000","22.30000000"
"1118876","Kileshwar","69.75000000","21.83333300"
"1118939","Kirli","73.80000000","20.85000000"
"1119013","Koba","72.76666700","21.41666700"
"1119021","Kochiana","72.26666700","22.71666700"
"1119027","Kodae","69.38333300","22.90000000"
"1119050","Kodh","71.30000000","22.88333300"
"1119060","Kodina","70.70305600","20.79027800"
"1119061","Kodinar","70.70305600","20.79027800"
"1119071","Kodram","72.58333300","23.96666700"
"1119131","Kokhri","70.81666700","21.81666700"
"1119155","Kolak","72.88333300","20.48333300"
"1119184","Koliak","72.26666700","21.61666700"
"1119193","Kolithar","70.66666700","22.01666700"
"1119196","Koliyak","72.26666700","21.61666700"
"1119200","Kolki","70.21666700","21.78333300"
"1119322","Konthkot","70.46666700","23.48333300"
"1119358","Koral","73.20000000","21.83333300"
"1119373","Korda","71.36666700","23.86666700"
"1119382","Korinar","70.70305600","20.79027800"
"1119411","Kosa","68.70000000","23.33333300"
"1119412","Kosamba","72.95000000","21.48333300"
"1119414","Kosamdi","73.03333300","21.58333300"
"1119418","Kosamri","73.03333300","21.58333300"
"1119440","Kotada","71.96666700","21.13333300"
"1119442","Kotadi","69.18333300","23.05000000"
"1119470","Kotasan Road Junction","72.23333300","23.40000000"
"1119481","Kotda Nayani","70.80000000","22.51666700"
"1119482","Kotda Sangani","70.85000000","22.05000000"
"1119487","Koteshvar","68.53333300","23.70000000"
"1119488","Koteshwar","68.53333300","23.70000000"
"1119532","Koth","72.30000000","22.63333300"
"1119503","Kothamba","73.51666700","23.01666700"
"1119505","Kothara","68.93333300","23.13333300"
"1119506","Kotharia","70.81666700","22.23333300"
"1119587","Kotra Nes","70.85000000","20.70000000"
"1119590","Kotra Pita","71.20000000","21.95000000"
"1119591","Kotra Pitha","71.20000000","21.95000000"
"1119661","Koyali","73.11666700","22.36666700"
"1119666","Koyli","73.11666700","22.36666700"
"1119726","Kuba","70.76666700","21.38333300"
"1119734","Kuchavada","72.26666700","24.45000000"
"1119741","Kuchhadi","69.54916700","21.67694400"
"1119750","Kuda","71.38333300","23.13333300"
"1119752","Kudalia","71.35000000","24.55000000"
"1119802","Kukadsar","69.93333300","22.91666700"
"1119806","Kukarmunda","74.13333300","21.51666700"
"1119810","Kukdia","73.05000000","23.78333300"
"1119816","Kukma","69.76666700","23.21666700"
"1119873","Kulli","73.73333300","22.63333300"
"1120013","Kundla","71.30000000","21.33333300"
"1120039","Kunkavar","70.98333300","21.63333300"
"1120040","Kunkavav","70.98333300","21.63333300"
"1120041","Kunkavay","70.98333300","21.63333300"
"1120042","Kunkawa","70.98333300","21.63333300"
"1120051","Kunol","73.46666700","23.58333300"
"1120054","Kunria","69.73333300","23.41666700"
"1120056","Kuntiyana","69.98166700","21.62333300"
"1120092","Kural","72.91666700","22.15000000"
"1120098","Kuran","69.75000000","23.93333300"
"1120096","Kuranga","69.16416700","22.04333300"
"1120168","Kurtiyana","69.98166700","21.62333300"
"1120242","Kutiyana","69.98166700","21.62333300"
"1120248","Kutpur","71.78333300","21.05000000"
"1120250","Kutrah","71.96666700","21.13333300"
"1120274","Kuvada","70.95000000","22.36666700"
"1120275","Kuvadra","70.95000000","22.36666700"
"1120276","Kuvarva","70.95000000","22.36666700"
"1120279","Kuwa","71.40000000","23.10000000"
"1120281","Kuwar","71.61666700","23.53333300"
"1120311","Lachharas","73.55000000","21.90000000"
"1120336","Lachpur","72.90000000","21.06666700"
"1120352","Ladol","72.73333300","23.61666700"
"1120355","Ladrani","70.63333300","23.90000000"
"1120364","Laeja","69.23333300","22.88333300"
"1120371","Lahara","72.55000000","21.66666700"
"1120417","Lajpur","72.90000000","21.06666700"
"1120421","Lakadia","70.58333300","23.35000000"
"1120422","Lakadiya","70.58333300","23.35000000"
"1120429","Lakhabawal","69.99055600","22.41555600"
"1120443","Lakhapadar","71.16666700","21.30000000"
"1120455","Lakhini","71.83333300","24.31666700"
"1120469","Lakhni","71.83333300","24.31666700"
"1120474","Lakhpal","68.78333300","23.81666700"
"1120475","Lakhpat","68.78333300","23.81666700"
"1120479","Lakhtar","71.78333300","22.85000000"
"1120559","Laloi","70.23333300","22.21666700"
"1120565","Lalpur","69.96666700","22.20000000"
"1120586","Lama","69.26666700","23.71666700"
"1120592","Lamba","69.31666700","21.90000000"
"1120604","Lambria","73.06666700","24.28333300"
"1120631","Langhnaj","72.48333300","23.45000000"
"1120713","Lasundra","73.15000000","22.91666700"
"1120725","Lathi","71.38333300","21.71666700"
"1120733","Lati","71.38333300","21.71666700"
"1120734","Latipur","70.53333300","22.61666700"
"1120758","Lavchali","73.71666700","21.03333300"
"1120795","Lelava","71.91666700","24.63333300"
"1120818","Libasi","72.61666700","22.61666700"
"1120833","Lilia","71.35000000","21.55000000"
"1120834","Lilia Moia","71.35000000","21.55000000"
"1120836","Liliya","71.35000000","21.55000000"
"1120843","Limbda","71.63333300","21.80000000"
"1120844","Limbdi","71.80000000","22.56666700"
"1120847","Limdi","74.15000000","23.00000000"
"1120849","Limkheda","73.98333300","22.81666700"
"1120850","Limkhera","73.98333300","22.81666700"
"1120851","Limodra","73.00000000","21.33333300"
"1120852","Limri","71.80000000","22.56666700"
"1120857","Linga","73.76666700","20.70000000"
"1120872","Linkheda","73.98333300","22.81666700"
"1120895","Lodai","69.88333300","23.40000000"
"1120896","Lodal","69.88333300","23.40000000"
"1120899","Lodhika","70.63333300","22.13333300"
"1120905","Lodhwa","70.58333300","20.85000000"
"1120907","Lodrani","70.63333300","23.90000000"
"1120943","Lohej","70.06666700","21.16666700"
"1121021","Lotpur","71.43333300","20.96666700"
"1121042","Luctor","71.78333300","22.85000000"
"1121053","Luhara","72.55000000","21.66666700"
"1121073","Luna","69.26666700","23.71666700"
"1121076","Lunavada","73.61666700","23.13333300"
"1121087","Lungiya","70.93333300","21.40000000"
"1121101","Luni","69.81666700","22.88333300"
"1121106","Lunsar","71.10000000","22.66666700"
"1121111","Lus","69.90000000","22.31666700"
"1121113","Luvarsal","70.13333300","22.08333300"
"1121114","Luwarsal","70.13333300","22.08333300"
"1121143","Machiliwar","70.30000000","22.18333300"
"1121148","Machliwar","70.30000000","22.18333300"
"1121203","Madharpur","69.96666700","21.25000000"
"1121206","Madhavpur","69.96666700","21.25000000"
"1121212","Madhi","69.10000000","22.10000000"
"1121211","Madhia","72.06666700","21.85000000"
"1121240","Madhwas","73.61666700","23.20000000"
"1121251","Madka","71.51666700","24.30000000"
"1121300","Magdala","72.75000000","21.10000000"
"1121301","Magdalla","72.75000000","21.10000000"
"1121310","Magodi","73.43333300","23.31666700"
"1121311","Magoi","73.85000000","22.60000000"
"1121317","Maguna","72.28333300","23.58333300"
"1121318","Magvana","69.36666700","23.21666700"
"1121319","Magwana","69.36666700","23.21666700"
"1121331","Mahadeopur","69.96666700","21.25000000"
"1121390","Mahasar","72.90000000","22.13333300"
"1121407","Mahemdavad","72.76666700","22.83333300"
"1121414","Mahesana","72.40000000","23.60000000"
"1121435","Mahisa","73.05000000","22.85000000"
"1121443","Mahiyari","69.93222200","21.47722200"
"1121448","Mahmadpur","72.50000000","24.05000000"
"1121477","Mahudha","72.93333300","22.81666700"
"1121486","Mahura","73.15000000","21.01666700"
"1121493","Mahuva","71.80000000","21.08333300"
"1121492","Mahuva Bandar","71.78333300","21.05000000"
"1121560","Majal","69.40000000","23.21666700"
"1121648","Makni","73.66666700","22.23333300"
"1121692","Malala","70.93333300","20.70000000"
"1121706","Malan","72.51666700","24.23333300"
"1121773","Malia","70.76666700","23.08333300"
"1121792","Maliya","70.30000000","21.15972200"
"1121832","Mallia","70.76666700","23.08333300"
"1121841","Malodh","71.76666700","22.01666700"
"1121848","Malpur","73.45000000","23.35000000"
"1121851","Malsaram","70.78055600","20.75111100"
"1121882","Malwasi","74.23333300","23.01666700"
"1121958","Manavadar","70.13333300","21.50000000"
"1121960","Manawadar","70.13333300","21.50000000"
"1121986","Mandal","71.91666700","23.30000000"
"1121981","Mandala","73.33333300","22.08333300"
"1122066","Mandodra","70.16666700","21.40000000"
"1122090","Mandva","73.16666700","20.36666700"
"1122092","Mandvi","73.30000000","21.25000000"
"1122104","Manekwara","70.83333300","21.46666700"
"1122193","Mangrol","70.11666700","21.11666700"
"1122279","Mankuva","69.56666700","23.21666700"
"1122280","Mankuwa","69.56666700","23.21666700"
"1122281","Manli","74.00000000","22.80000000"
"1122330","Mansa","72.66666700","23.43333300"
"1122382","Marad","70.38333300","21.68333300"
"1122485","Marmat","70.01666700","21.58333300"
"1122494","Maroli","72.76666700","20.30000000"
"1122523","Maruli","72.76666700","20.30000000"
"1122602","Matanomadh","68.95000000","23.55000000"
"1122603","Matar","72.98333300","22.00000000"
"1122629","Math","73.83333300","23.33333300"
"1122613","Mathak","71.05000000","22.83333300"
"1122621","Mathasulia","70.55000000","20.98333300"
"1122667","Matra","71.36666700","22.26666700"
"1122691","Matvad","72.83333300","20.91666700"
"1122694","Matwa","70.23333300","22.33333300"
"1122693","Matwad","72.83333300","20.91666700"
"1122776","Mayurnagar","71.08333300","23.06666700"
"1122800","Medhasan","73.21666700","23.55000000"
"1122822","Meghpur","70.65000000","22.66666700"
"1122823","Meghraj","73.50000000","23.50000000"
"1122824","Megna","69.98333300","22.31666700"
"1122833","Mehegam Bangal","72.75000000","21.66666700"
"1122834","Mehegaum","72.75000000","21.66666700"
"1122836","Mehelao","72.81666700","22.56666700"
"1122837","Mehelav","72.81666700","22.56666700"
"1122839","Mehervara","72.46666700","23.86666700"
"1122840","Meherwara","72.46666700","23.86666700"
"1122843","Mehlav","72.81666700","22.56666700"
"1122844","Mehmadabad","72.76666700","22.83333300"
"1122855","Mehsana","72.40000000","23.60000000"
"1122914","Mendarda","70.43333300","21.31666700"
"1122919","Mengni","70.68333300","22.08333300"
"1122947","Mesar","72.21666700","24.03333300"
"1122946","Mesaria","71.10000000","22.48333300"
"1122950","Meswan","70.28333300","21.25000000"
"1122954","Methan","71.65000000","22.98333300"
"1122956","Methavi","71.45000000","24.65000000"
"1122961","Metiveli","72.25000000","21.48333300"
"1122970","Meusana","72.40000000","23.60000000"
"1122971","Mevasa","71.25000000","22.30000000"
"1122972","Mewali","73.31666700","23.61666700"
"1122975","Mewasa","70.58333300","21.86666700"
"1122988","Miagam","73.11666700","22.05000000"
"1122990","Mial","71.75000000","24.63333300"
"1122992","Miani","69.38111100","21.83583300"
"1123099","Mithapur","72.13333300","22.63333300"
"1123102","Mithoi","69.76694400","22.31805600"
"1123106","Mitivirdi","72.25000000","21.48333300"
"1123115","Miyagam","73.11666700","22.05000000"
"1123116","Miyani","69.38111100","21.83583300"
"1123123","Modasa","73.30000000","23.46666700"
"1123124","Modassa","73.30000000","23.46666700"
"1123125","Modhera","72.13333300","23.58333300"
"1123126","Modhpur","69.81666700","22.26666700"
"1123127","Modhvada","69.52277800","21.81583300"
"1123128","Modhwara","69.52277800","21.81583300"
"1123129","Modpur","69.81666700","22.26666700"
"1123139","Mogari","72.93333300","22.53333300"
"1123149","Mogri","72.93333300","22.53333300"
"1123173","Mohan","74.06666700","22.06666700"
"1123176","Mohanpur","73.06666700","23.45000000"
"1123234","Mojap","68.97722200","22.36666700"
"1123238","Mokal","69.80000000","21.60000000"
"1123260","Molel","72.96666700","22.71666700"
"1123291","Monvel","70.90000000","21.31666700"
"1123307","Mora","72.95000000","20.75000000"
"1123303","Moraj","72.60000000","22.46666700"
"1123323","Morasar","72.36666700","22.88333300"
"1123329","Morbi","70.83333300","22.81666700"
"1123331","Morcol","73.10000000","20.33333300"
"1123340","Mori","73.60000000","23.58333300"
"1123346","Morjhari","73.76666700","21.63333300"
"1123347","Morkhal","73.10000000","20.33333300"
"1123355","Morpa","72.10000000","23.98333300"
"1123357","Morpur","69.80000000","21.85000000"
"1123365","Morva","73.83333300","22.90000000"
"1123364","Morvada","71.41666700","24.03333300"
"1123367","Morvi","70.83333300","22.81666700"
"1123369","Morwa","73.83333300","22.90000000"
"1123370","Morwara","69.53333300","21.80000000"
"1123383","Mota","73.06666700","21.16666700"
"1123389","Mothala","69.13333300","23.21666700"
"1123394","Moti Cher","73.36666700","21.25000000"
"1123413","Mouana","70.86666700","23.81666700"
"1123417","Movan","69.48333300","22.11666700"
"1123418","Moviya","70.83333300","21.90000000"
"1123431","Muana","70.86666700","23.81666700"
"1123454","Mudetha","71.98333300","24.15000000"
"1123467","Mudi","71.46666700","22.65000000"
"1123459","Mudia","68.66666700","23.61666700"
"1123578","Mul Dwarka","70.66583300","20.75888900"
"1123581","Muler","72.68333300","21.86666700"
"1123588","Muli","71.46666700","22.65000000"
"1123587","Mulila","70.38333300","22.13333300"
"1123595","Mull","71.46666700","22.65000000"
"1123629","Mundeti","73.16666700","23.83333300"
"1123653","Mundra","69.73333300","22.85000000"
"1123652","Mundra Bandar","69.71666700","22.80000000"
"1123673","Mungrol","70.11666700","21.11666700"
"1123690","Munjpur","71.55000000","22.63333300"
"1123792","Mustáfabad","72.88333300","21.68333300"
"1123836","Muwala","73.46666700","22.55000000"
"1123866","Nachankhadak","73.38333300","20.31666700"
"1123878","Nada","72.56666700","21.95000000"
"1123891","Nadiad","72.86666700","22.70000000"
"1123973","Nagasari","71.35000000","20.91666700"
"1124011","Nagoá","70.91666700","20.71666700"
"1124033","Nagra","72.63333300","22.35000000"
"1124052","Nagwa","70.91666700","20.71666700"
"1124057","Nahapa","72.91666700","22.48333300"
"1124079","Naidad","72.86666700","22.70000000"
"1124086","Naika","72.56666700","22.75000000"
"1124132","Nakhtarana","69.25000000","23.33333300"
"1124133","Nakhtrana","69.25000000","23.33333300"
"1124183","Nal","73.71666700","21.45000000"
"1124162","Naldhara","73.16666700","20.96666700"
"1124171","Naliya","68.83333300","23.26666700"
"1124239","Nananpur","72.95000000","23.50000000"
"1124243","Nanawara","73.45000000","23.38333300"
"1124262","Nandasan","72.40000000","23.36666700"
"1124299","Nandod","73.50000000","21.86666700"
"1124301","Nandol","72.81666700","23.20000000"
"1124341","Nangarecha","69.21666700","23.01666700"
"1124350","Nangor","69.71666700","23.30000000"
"1124369","Nanodra","72.20000000","22.83333300"
"1124392","Napad","72.96666700","22.48333300"
"1124530","Nar","72.71666700","22.48333300"
"1124423","Nara","73.78333300","22.95000000"
"1124406","Narah","72.56666700","21.95000000"
"1124470","Narayanpur","73.71666700","21.21666700"
"1124478","Nardipur","72.56666700","23.33333300"
"1124487","Naren","73.18333300","21.28333300"
"1124493","Nargol","72.75000000","20.23333300"
"1124492","Nargole","72.75000000","20.23333300"
"1124506","Nari","72.06666700","21.76666700"
"1124535","Naroda","72.66666700","23.08333300"
"1124540","Narora","72.66666700","23.08333300"
"1124687","Nausari","72.91666700","20.85000000"
"1124697","Navabandar","69.80000000","21.43333300"
"1124698","Navadra","69.25888900","21.95000000"
"1124700","Navagam","72.58333300","22.80000000"
"1124701","Navagaon","72.58333300","22.80000000"
"1124707","Navanagar","70.06666700","22.46666700"
"1124708","Navangar","70.06666700","22.46666700"
"1124710","Navasari","72.91666700","20.85000000"
"1124714","Navgam","73.70000000","21.85000000"
"1124716","Navi Dhrewad","69.07194400","22.14361100"
"1124715","Navibandar","69.80000000","21.43333300"
"1124717","Navinal","69.60000000","22.81666700"
"1124718","Navinar","69.60000000","22.81666700"
"1124722","Navlakhi","70.46666700","22.96666700"
"1124724","Navsari","72.91666700","20.85000000"
"1124729","Nawabandar","71.06666700","20.73333300"
"1124746","Nawagam","72.58333300","22.80000000"
"1124747","Nawagaon","73.48333300","23.65000000"
"1124758","Nawanagar","70.06666700","22.46666700"
"1124828","Nedra","72.31666700","23.88333300"
"1124918","Netra","69.06666700","23.40000000"
"1124920","Netrang","73.35000000","21.65000000"
"1125003","Nijhar","74.20000000","21.48333300"
"1125008","Nikara","70.51666700","22.18333300"
"1125009","Nikava","70.51666700","22.18333300"
"1125013","Nikora","73.11666700","21.76666700"
"1125012","Nikora Mota","73.06666700","23.51666700"
"1125054","Nilvala","71.30000000","21.90000000"
"1125125","Ningala","71.71666700","22.03333300"
"1125154","Nirmali","73.06666700","23.11666700"
"1125160","Nirpan","73.38333300","20.63333300"
"1125161","Nirpar","73.38333300","20.63333300"
"1125164","Niruna","69.51666700","23.63333300"
"1125177","Nitrang","73.35000000","21.65000000"
"1125213","Noghanvadar","71.70000000","21.63333300"
"1125265","Nosari","72.91666700","20.85000000"
"1125271","Nowanagar","70.06666700","22.46666700"
"1125274","Nowanuggur","70.06666700","22.46666700"
"1125386","Od","73.11666700","22.61666700"
"1125376","Odadar","69.66805600","21.57416700"
"1125395","Ohond","73.00000000","20.75000000"
"1125402","Okha","69.06055600","22.46944400"
"1125403","Okha Port","69.06055600","22.46944400"
"1125401","Okhamandal","69.01777800","22.30555600"
"1125412","Old Deesa","72.15000000","24.20000000"
"1125420","Olpad","72.75000000","21.33333300"
"1125425","Omersári","72.90000000","20.51666700"
"1125426","Ometa","73.03333300","22.33333300"
"1125446","Ooru","71.68333300","23.23333300"
"1125467","Oru","71.68333300","23.23333300"
"1125468","Orwara","73.76666700","22.80000000"
"1125521","Pachham","72.18333300","22.40000000"
"1125525","Pachhegam","71.85000000","21.91666700"
"1125560","Padana","69.83583300","22.33388900"
"1125566","Paddhari","70.60000000","22.43333300"
"1125596","Padra","73.08333300","22.23333300"
"1125651","Pah","71.63333300","21.36666700"
"1125884","Pal","70.75000000","22.21666700"
"1125734","Palali","71.96666700","22.70000000"
"1125751","Palanpur","72.43333300","24.16666700"
"1125753","Palansva","70.93333300","23.46666700"
"1125754","Palanswa","70.93333300","23.46666700"
"1125775","Palasni","73.80000000","22.06666700"
"1125779","Palasvihir","73.83333300","20.93333300"
"1125801","Palchhi","73.50000000","21.71666700"
"1125816","Paliad","71.56666700","22.25000000"
"1125837","Palitana","71.83333300","21.51666700"
"1125838","Paliyad","71.56666700","22.25000000"
"1125898","Palsana","72.98333300","21.08333300"
"1125943","Panadra","68.73333300","23.68333300"
"1125964","Panar","72.88333300","20.83333300"
"1125985","Panchasar","70.75000000","22.78333300"
"1125987","Panchati","69.16666700","22.86666700"
"1125986","Panchatia","69.16666700","22.86666700"
"1125989","Panchavada","71.88333300","21.68333300"
"1126051","Pandwa","73.40000000","23.06666700"
"1126056","Paneli","70.15000000","21.86666700"
"1126063","Panetha","73.26666700","21.88333300"
"1126142","Pansina","71.96666700","22.55000000"
"1126155","Panvad","74.03333300","22.20000000"
"1126158","Panvi","71.88333300","22.06666700"
"1126159","Panwad","74.03333300","22.20000000"
"1126211","Paral","73.33333300","22.86666700"
"1126229","Parantij","72.85000000","23.43333300"
"1126278","Pardi","72.95000000","20.51666700"
"1126342","Parnera","72.95000000","20.55000000"
"1126345","Parodi","71.63333300","21.56666700"
"1126447","Passo Covo","70.90000000","20.71666700"
"1126473","Patan","72.11666700","23.83333300"
"1126539","Pathavada","72.30000000","24.48333300"
"1126624","Patri","71.80000000","23.18333300"
"1126723","Pechdal","72.05000000","24.36666700"
"1126896","Pethapur","72.66666700","23.26666700"
"1126906","Petlad","72.80000000","22.46666700"
"1126914","Phacharia","71.28333300","20.96666700"
"1126933","Phala","70.31666700","22.53333300"
"1126960","Pharadi","69.51666700","22.95000000"
"1126977","Phatag","73.63333300","21.68333300"
"1127042","Phulsar","72.05000000","21.28333300"
"1127066","Picharvan","73.41666700","21.40000000"
"1127073","Pichwa","70.85000000","20.90000000"
"1127081","Pihej","72.80000000","22.66666700"
"1127082","Pihij","72.80000000","22.66666700"
"1127084","Pihu","72.80000000","22.66666700"
"1127135","Pimpri","73.58333300","20.80000000"
"1127144","Pindara","69.25527800","22.24611100"
"1127155","Pingli","73.46666700","22.66666700"
"1127184","Pipalwa","71.18333300","21.13333300"
"1127197","Pipar","68.50000000","23.50000000"
"1127188","Piparav","71.56666700","20.96666700"
"1127201","Pipartora","70.08333300","22.36666700"
"1127204","Pipavav Bandar","71.56666700","20.96666700"
"1127223","Piplod","73.90000000","22.81666700"
"1127236","Piprala","71.10000000","23.65000000"
"1127279","Pisawara","72.46666700","22.65000000"
"1127284","Pitar","70.56666700","22.68333300"
"1127324","Podame","70.95000000","20.70000000"
"1127325","Podamo","70.95000000","20.70000000"
"1127440","Poorbunder","69.60000000","21.63333300"
"1127446","Porbandar","69.60000000","21.63333300"
"1127460","Port Okha","69.06055600","22.46944400"
"1127462","Port Porbandar","69.60000000","21.63333300"
"1127468","Poshetra Point","69.16666700","22.40000000"
"1127471","Posina","73.03333300","24.36666700"
"1127472","Positra","69.16666700","22.40000000"
"1127536","Prempur","72.86666700","23.70000000"
"1127627","Punadra","72.96666700","23.08333300"
"1127704","Purbandar","69.60000000","21.63333300"
"1127761","Pusri","74.28333300","22.81666700"
"1127833","Rabda","70.78333300","22.13333300"
"1127860","Radhanpur","71.60000000","23.83333300"
"1127864","Radhwanaj","72.71666700","22.70000000"
"1127976","Raipura","73.48333300","21.83333300"
"1128013","Raivada","73.56666700","23.45000000"
"1128091","Rajgad","73.66666700","22.56666700"
"1128095","Rajgarh","73.66666700","22.56666700"
"1128116","Rajkot","70.78333300","22.30000000"
"1128140","Rajpara","69.53611100","22.02111100"
"1128142","Rajpipla","73.56666700","21.78333300"
"1128143","Rajpipta","73.56666700","21.78333300"
"1128153","Rajpur","72.08333300","21.20000000"
"1128167","Rajula","71.43333300","21.05000000"
"1128205","Ralol","71.98333300","22.60000000"
"1128253","Ramas","73.11666700","23.23333300"
"1128316","Ramjikhant","73.51666700","22.38333300"
"1128348","Rampara","71.45000000","20.95000000"
"1128349","Ramparda","71.35000000","22.65000000"
"1128350","Rampatel","73.68333300","23.13333300"
"1128370","Rampur","71.35000000","22.65000000"
"1128354","Rampura","73.53333300","22.10000000"
"1128398","Ramsan","72.05000000","24.43333300"
"1128418","Ramwao","70.46666700","23.55000000"
"1128570","Ran","69.33388900","22.18055600"
"1128421","Ranagadh","71.98333300","22.76666700"
"1128428","Ranapur","73.25000000","21.93333300"
"1128430","Ranasan","73.10000000","23.46666700"
"1128432","Ranavav","69.74083300","21.68416700"
"1128434","Ranawao","69.74083300","21.68416700"
"1128445","Rander","72.78333300","21.23333300"
"1128448","Randhia","71.13333300","21.70000000"
"1128449","Randhikpur","73.96666700","22.96666700"
"1128454","Raner","72.06666700","24.05000000"
"1128483","Ranghola","71.70000000","21.76666700"
"1128493","Rangpur","70.90000000","22.91666700"
"1128505","Ranianiba","73.51666700","20.98333300"
"1128511","Ranigam","71.61666700","21.41666700"
"1128546","Ranjamba","73.51666700","20.98333300"
"1128554","Ranjapur","73.25000000","21.93333300"
"1128568","Ranpur","70.66666700","21.56666700"
"1128567","Ranpur Kathiawar","71.70000000","22.36666700"
"1128575","Ranuj","72.21666700","23.73333300"
"1128577","Ranveri","73.26666700","21.03333300"
"1128586","Rapar","70.63333300","23.56666700"
"1128587","Raphu","71.56666700","23.60000000"
"1128595","Rardhu","72.58333300","22.70000000"
"1128598","Rarodra","73.26666700","23.23333300"
"1128644","Ratadi","69.49277800","21.73194400"
"1128643","Ratadia","69.75000000","22.93333300"
"1128652","Ratanpur","72.26666700","21.66666700"
"1128672","Ratia","69.83333300","21.41666700"
"1128717","Ravel","71.71666700","24.16666700"
"1128725","Rawal","69.48861100","21.91666700"
"1128721","Rawalia","73.53333300","22.40000000"
"1128728","Rawapur","69.05000000","23.51666700"
"1128762","Raygad","74.01666700","21.46666700"
"1128805","Reha","69.75000000","23.15000000"
"1128802","Reha Mota","69.75000000","23.15000000"
"1128803","Reha Nana","69.75000000","23.15000000"
"1128828","Rena","73.50000000","22.91666700"
"1128844","Renlawara","73.46666700","23.61666700"
"1128845","Rennur","71.70000000","22.36666700"
"1128975","Roha","69.26666700","23.20000000"
"1128973","Rohani","72.46666700","22.41666700"
"1128987","Rohisa","71.25000000","20.81666700"
"1128993","Rohoni","72.46666700","22.41666700"
"1129024","Ronvel","73.03333300","20.56666700"
"1129025","Ronveri","73.26666700","21.03333300"
"1129058","Rozi","70.05000000","22.55000000"
"1129057","Rozi Mata","70.05000000","22.55000000"
"1129114","Rupal","73.11666700","23.55000000"
"1129124","Rupawati","72.08333300","22.86666700"
"1129126","Rupdevli","73.85000000","21.45000000"
"1129165","Sabarmati","72.66666700","23.08333300"
"1129164","Sabarmati Junction","72.66666700","23.08333300"
"1129174","Sabhrai","69.11666700","23.01666700"
"1129193","Sachim","72.88333300","21.08333300"
"1129194","Sachin","72.88333300","21.08333300"
"1129195","Sachir","72.88333300","21.08333300"
"1129205","Sadarval","73.15000000","20.76666700"
"1129219","Sadgavhan","74.30000000","21.53333300"
"1129233","Sadra","72.71666700","23.35000000"
"1129269","Sagbara","73.80000000","21.55000000"
"1129281","Sagtala","73.90000000","22.56666700"
"1129338","Saidal","73.51666700","22.28333300"
"1129415","Sajod","72.90000000","21.61666700"
"1129438","Sakhpur","71.51666700","21.56666700"
"1129479","Salabatpura","72.83333300","21.16666700"
"1129512","Salaya","69.60000000","22.31666700"
"1129588","Samadhiala","71.88333300","21.30000000"
"1129589","Samadiala","71.13333300","20.91666700"
"1129593","Samakhiali","70.58333300","23.33333300"
"1129595","Samalji","73.38333300","23.68333300"
"1129619","Samat","73.85000000","21.66666700"
"1129651","Sami","71.78333300","23.68333300"
"1129657","Samla","71.76666700","22.63333300"
"1129656","Samlaji","73.38333300","23.68333300"
"1129658","Samlasar","69.10611100","22.37222200"
"1129665","Samou Motawas","72.10000000","24.08333300"
"1129667","Samparda","69.96666700","23.15000000"
"1129670","Sampra","71.96666700","23.96666700"
"1129694","Sanand","72.38333300","22.98333300"
"1129720","Sandhan","68.98333300","23.01666700"
"1129721","Sandheli","73.20000000","22.86666700"
"1129809","Sanjeli","73.96666700","23.06666700"
"1129810","Sanjell","73.96666700","23.06666700"
"1129828","Sankartalao","72.93333300","20.68333300"
"1129833","Sankeshvar","71.78333300","23.50000000"
"1129835","Sankeshwar","71.78333300","23.50000000"
"1129837","Sankhalpur","72.03333300","23.53333300"
"1129838","Sankheda","73.58333300","22.16666700"
"1129850","Sankra","71.96666700","23.81666700"
"1129860","Sanosra","71.20000000","22.30000000"
"1129893","Sant","73.86666700","23.20000000"
"1129870","Santalpur","71.16666700","23.75000000"
"1129877","Santhal","72.25000000","23.48333300"
"1129917","Saori","70.66666700","22.60000000"
"1129990","Sara","71.20000000","22.78333300"
"1129986","Sarapdar","70.61666700","22.36666700"
"1130006","Sarbhon","73.08333300","21.05000000"
"1130011","Sardargarh","70.20000000","21.58333300"
"1130015","Sardarpur","72.76666700","23.68333300"
"1130021","Sardhar","70.96666700","22.15000000"
"1130024","Sardoi","73.26666700","23.56666700"
"1130074","Sarkhej","72.50000000","22.98333300"
"1130076","Sarla","71.36666700","22.71666700"
"1130079","Sarmana","70.16666700","22.11666700"
"1130084","Sarmat","69.94750000","22.45833300"
"1130095","Sarod","72.73333300","22.16666700"
"1130106","Sarotra","72.55000000","24.35000000"
"1130110","Sarrode","72.73333300","22.16666700"
"1130117","Sarsa","70.68333300","21.33333300"
"1130111","Sarsai","70.68333300","21.33333300"
"1130113","Sarsan","73.13333300","23.15000000"
"1130146","Sarwad","70.70000000","22.96666700"
"1130163","Sasa","70.60000000","21.16666700"
"1130183","Satam","73.08333300","20.91666700"
"1130193","Satej","72.46666700","23.10000000"
"1130202","Sathamba","73.33333300","23.16666700"
"1130230","Satlasna","72.78333300","24.01666700"
"1130235","Satodad","70.45000000","21.98333300"
"1130279","Sauli","73.21666700","22.56666700"
"1130298","Savaikot","72.00000000","21.90000000"
"1130310","Savli","73.21666700","22.56666700"
"1130334","Sayla","71.46666700","22.55000000"
"1130358","Sejakpur","71.40000000","22.45000000"
"1130359","Sejalia","71.10000000","20.76666700"
"1130371","Selari","70.71666700","23.61666700"
"1130416","Semri","70.33333300","24.55000000"
"1130442","Sengpur","73.10000000","21.60000000"
"1130544","Shahabad","73.11666700","21.83333300"
"1130587","Shahpur","70.76666700","22.15000000"
"1130681","Shanor","73.46666700","22.00000000"
"1130687","Shapur","69.95000000","22.41666700"
"1130709","Shegwa","73.35000000","20.15000000"
"1130711","Shehera","73.63333300","22.93333300"
"1130760","Sherav","73.56666700","21.95000000"
"1130762","Shergad","70.33333300","21.23333300"
"1130797","Shianagar","71.76666700","22.01666700"
"1130798","Shiani","71.83333300","22.66666700"
"1130809","Shihanagar","71.76666700","22.01666700"
"1130810","Shihor","71.96666700","21.70000000"
"1130814","Shikarpur","70.71666700","23.26666700"
"1130831","Shil","70.05055600","21.18777800"
"1130836","Shimar","71.15000000","20.80000000"
"1130842","Shinaya","70.06666700","23.05000000"
"1130853","Shioni","73.06666700","21.21666700"
"1130904","Shivrajpur","73.65000000","22.41666700"
"1131004","Siddhapur","72.38333300","23.91666700"
"1131017","Sidhpur","72.38333300","23.91666700"
"1131029","Sidsar","70.08333300","21.88333300"
"1131039","Sihan","69.76666700","22.28333300"
"1131040","Sihara","71.96666700","21.70000000"
"1131045","Sihod","73.80000000","22.33333300"
"1131050","Sihor","71.96666700","21.70000000"
"1131076","Sika","69.83333300","22.43333300"
"1131080","Siki","69.83333300","22.43333300"
"1131082","Sikka","69.83333300","22.43333300"
"1131139","Sil","70.05055600","21.18777800"
"1131148","Simalia","73.70000000","22.68333300"
"1131163","Simar","71.15000000","20.80000000"
"1131198","Sinawara","73.40000000","23.48333300"
"1131287","Singpur","73.51666700","21.26666700"
"1131313","Sinor","73.33333300","21.91666700"
"1131325","Sipur","72.66666700","23.85000000"
"1131436","Sisagadh","69.35000000","23.10000000"
"1131444","Sisang","70.48333300","22.21666700"
"1131448","Sisodra","72.96666700","20.93333300"
"1131450","Sisor","73.41666700","21.25000000"
"1131475","Sitapur","71.98333300","23.45000000"
"1131554","Sodaori","70.85000000","21.08333300"
"1131597","Sojitra","72.71666700","22.55000000"
"1131599","Sokhda","73.16666700","22.41666700"
"1131643","Somnath","70.36666700","20.88333300"
"1131671","Sonaria","71.23333300","21.48333300"
"1131704","Songadh","73.56666700","21.16666700"
"1131706","Songarh","73.56666700","21.16666700"
"1131742","Sonwari","72.98333300","20.85000000"
"1131775","Sothri","68.91666700","23.05000000"
"1131872","Sudamda","71.48333300","22.45000000"
"1131877","Sudasna","72.66666700","24.01666700"
"1131896","Suigam","71.30000000","24.15000000"
"1131909","Sujnipur","72.10000000","23.88333300"
"1131912","Sukaltirth","73.11666700","21.75000000"
"1131927","Sukhsar","74.01666700","23.15000000"
"1131934","Suklatirth","73.11666700","21.75000000"
"1131970","Sultanpur","72.10000000","21.30000000"
"1132011","Sumra","70.43333300","22.45000000"
"1132020","Sunak","73.28333300","23.61666700"
"1132023","Sunao-Kala","72.83333300","21.48333300"
"1132086","Supedi","70.38333300","21.76666700"
"1132128","Surat","72.90000000","20.96666700"
"1132137","Sureli","73.16666700","22.66666700"
"1132139","Surendranagar","71.68333300","22.70000000"
"1132169","Surpan","73.80000000","21.81666700"
"1132176","Sursi","73.13333300","22.38333300"
"1132205","Suthri","68.91666700","23.05000000"
"1132211","Sutrapada","70.48305600","20.85138900"
"1132212","Sutrapara","70.48305600","20.85138900"
"1132213","Sutrapera","70.48305600","20.85138900"
"1132219","Suvali","72.63333300","21.16666700"
"1132220","Suvi","70.48333300","23.61666700"
"1132222","Suwali","72.63333300","21.16666700"
"1132248","Tadach","71.93333300","21.41666700"
"1132268","Tadkachhla","73.96666700","22.03333300"
"1132269","Tadkesar","73.06666700","21.38333300"
"1132270","Tadkesvar","73.06666700","21.38333300"
"1132306","Tajpuri","72.91666700","23.56666700"
"1132368","Talaja","72.05000000","21.35000000"
"1132461","Talsana","71.90000000","22.78333300"
"1132601","Tankara","70.73333300","22.66666700"
"1132603","Tankari","72.66666700","21.98333300"
"1132602","Tankaria","73.00000000","21.88333300"
"1132617","Tansa","72.11666700","21.51666700"
"1132682","Tarasvu","73.48333300","22.25000000"
"1132697","Tardhara","71.58333300","22.25000000"
"1132715","Tarkeshwar","73.06666700","21.38333300"
"1132893","Tera","68.91666700","23.31666700"
"1132903","Tervada","71.70000000","24.03333300"
"1132945","Thala","71.56666700","23.10000000"
"1132999","Than","71.18333300","22.56666700"
"1132961","Thana Galol","70.70000000","21.68333300"
"1132983","Thangadh","71.18333300","22.56666700"
"1133011","Thara","71.81666700","23.96666700"
"1133008","Tharad","71.62666700","24.39611100"
"1133025","Thasra","73.21666700","22.80000000"
"1133107","Thol","72.36666700","23.13333300"
"1133167","Tikar","71.10000000","23.15000000"
"1133166","Tikar Run","71.10000000","23.15000000"
"1133200","Tilakvada","73.58333300","21.95000000"
"1133201","Tilakwada","73.58333300","21.95000000"
"1133238","Timana","71.98333300","21.43333300"
"1133239","Timarda","74.41666700","22.85000000"
"1133242","Timba","73.40000000","22.81666700"
"1133241","Timba Road","73.38333300","22.81666700"
"1133240","Timba Road Junction","73.38333300","22.81666700"
"1133260","Timorda","74.41666700","22.85000000"
"1133468","Tithal","72.90000000","20.60000000"
"1133474","Titoi","73.33333300","23.61666700"
"1133490","Toda","71.88333300","21.61666700"
"1133510","Tokarwa","73.73333300","21.31666700"
"1133509","Tokarwa Khurd","73.73333300","21.31666700"
"1133568","Torna","72.98333300","22.96666700"
"1133596","Trakuda","70.65000000","21.96666700"
"1133602","Trapaj","72.11666700","21.43333300"
"1133689","Tukda","69.71750000","21.52444400"
"1133688","Tukda Miyani","69.42638900","21.79194400"
"1133745","Tuna","70.08333300","22.98333300"
"1133746","Tundao","73.20000000","22.48333300"
"1133836","Uchuan","73.41666700","21.41666700"
"1133874","Udel","72.70000000","22.33333300"
"1133878","Udhad","72.83333300","22.28333300"
"1133901","Udvada","72.88333300","20.48333300"
"1133904","Ugamedi","71.63333300","22.00000000"
"1133908","Ugta","73.26666700","20.50000000"
"1133924","Uker","68.70000000","23.36666700"
"1133970","Umaradi","72.90000000","20.51666700"
"1133973","Umargam","72.75000000","20.20000000"
"1133978","Umari","72.70000000","24.05000000"
"1133976","Umaria","74.05000000","22.75000000"
"1133984","Umarpada","73.50000000","21.45000000"
"1133987","Umarsadi","72.90000000","20.51666700"
"1133990","Umbargaon","72.75000000","20.20000000"
"1133992","Umbarpada","73.50000000","21.45000000"
"1134011","Umersadi","72.90000000","20.51666700"
"1134012","Umeta","73.03333300","22.33333300"
"1134013","Umia","68.95000000","23.63333300"
"1134027","Umra","73.25000000","20.88333300"
"1134023","Umrala","71.81666700","21.83333300"
"1134026","Umrat","72.73333300","21.01666700"
"1134032","Umreth","73.11666700","22.70000000"
"1134038","Umri","70.55000000","20.90000000"
"1134034","Umria","74.05000000","22.75000000"
"1134045","Umta","72.56666700","23.78333300"
"1134088","Un","71.76666700","23.88333300"
"1134054","Una","71.03333300","20.81666700"
"1134083","Unjha","72.40000000","23.80000000"
"1134091","Unurala","70.30000000","22.03333300"
"1134113","Upleta","70.28333300","21.73333300"
"1134205","Utran","72.86666700","21.23333300"
"1134237","Uwarsad","72.58333300","23.20000000"
"1134239","Vachhu","69.03916700","22.19527800"
"1134291","Vad","71.43333300","20.96666700"
"1134241","Vadagam","73.58333300","23.28333300"
"1134252","Vadal","71.85000000","21.45000000"
"1134251","Vadali","70.86666700","22.20000000"
"1134262","Vadasinor","73.33333300","22.95000000"
"1134271","Vadgam","71.76666700","23.36666700"
"1134281","Vadnagar","72.63333300","23.78333300"
"1134283","Vadodara","73.20000000","22.30000000"
"1134286","Vadodra","70.52305600","20.81611100"
"1134288","Vadphali","73.85000000","21.73333300"
"1134302","Vagh Talao","72.46666700","22.48333300"
"1134298","Vaghodia","73.38333300","22.30000000"
"1134305","Vagra","72.83333300","21.85000000"
"1134306","Vagrol","72.33333300","24.28333300"
"1134308","Vahelala","72.75000000","23.08333300"
"1134329","Vajapur","71.58333300","24.20000000"
"1134334","Vajiria","73.58333300","22.03333300"
"1134335","Vajpur","73.75000000","21.33333300"
"1134340","Vakal","73.23333300","21.43333300"
"1134370","Vala","71.86666700","21.88333300"
"1134347","Valabhipur","71.86666700","21.88333300"
"1134352","Valam","72.45000000","23.71666700"
"1134365","Valasan","72.88333300","22.55000000"
"1134367","Valasna","72.76666700","23.83333300"
"1134375","Valia","73.16666700","21.56666700"
"1134383","Vallabh","72.90000000","22.53333300"
"1134384","Vallabh Vidhyanagar","72.90000000","22.53333300"
"1134385","Vallabh Vidyanagar","72.90000000","22.53333300"
"1134382","Vallabhipur","71.86666700","21.88333300"
"1134397","Valod","73.26666700","21.05000000"
"1134402","Valsad","72.93333300","20.63333300"
"1134408","Valukad","72.10000000","21.66666700"
"1134413","Vana","71.70000000","22.86666700"
"1134412","Vanala","71.98333300","22.45000000"
"1134420","Vanderda","73.58333300","22.31666700"
"1134436","Vanji","73.80000000","21.88333300"
"1134438","Vankaner","73.16666700","21.06666700"
"1134437","Vankaner Kathiawar","70.93333300","22.61666700"
"1134441","Vankia","71.30000000","21.96666700"
"1134444","Vanod","71.91666700","23.43333300"
"1134446","Vansada","73.36666700","20.75000000"
"1134450","Vanthli","70.33333300","21.48333300"
"1134453","Vapadedara","73.20000000","22.30000000"
"1134462","Varagam","73.13333300","23.33333300"
"1134463","Varahi","71.45000000","23.80000000"
"1134481","Vari","73.35000000","21.48333300"
"1134478","Variao","72.81666700","21.26666700"
"1134488","Varnu Wandh","71.03333300","23.46666700"
"1134493","Vartej","72.06666700","21.73333300"
"1134496","Varwala","68.96305600","22.28944400"
"1134502","Vasa","72.73333300","22.66666700"
"1134497","Vasad","73.06666700","22.45000000"
"1134498","Vasai","69.93305600","22.43444400"
"1134501","Vasavad","71.01666700","21.81666700"
"1134513","Vasurna","73.66666700","20.70000000"
"1134515","Vatam","71.83333300","24.21666700"
"1134526","Vav","71.51055600","24.36388900"
"1134523","Vavania","70.61666700","23.00000000"
"1134522","Vavania Bandar","70.55000000","23.01666700"
"1134524","Vavaniya","70.61666700","23.00000000"
"1134548","Ved","71.51666700","23.63333300"
"1134551","Vehelal","72.75000000","23.08333300"
"1134552","Vejalpur","73.56666700","22.68333300"
"1134554","Vekaria","70.90000000","21.31666700"
"1134556","Velachha","73.01666700","21.43333300"
"1134557","Velachka","73.01666700","21.43333300"
"1134563","Velan","70.83333300","20.73333300"
"1134569","Velawadar","72.06666700","21.36666700"
"1134572","Velda","74.15000000","21.48333300"
"1134567","Velávadar","72.06666700","21.36666700"
"1134614","Vengni","72.70000000","21.68333300"
"1134638","Veraval","70.36666700","20.90000000"
"1134648","Versara","71.30000000","21.65000000"
"1134652","Vesma","72.98333300","21.03333300"
"1134663","Vevji","72.80000000","20.15000000"
"1134668","Vichhia","71.36666700","22.20000000"
"1134672","Victor","71.58333300","21.00000000"
"1134681","Vihod","72.70000000","21.55000000"
"1134680","Vihode","72.70000000","21.55000000"
"1134685","Vijapur","72.75000000","23.56666700"
"1134687","Vijayanagar","73.26666700","23.98333300"
"1134729","Vinchchavad","70.73333300","21.45000000"
"1134730","Vinchhavad","70.73333300","21.45000000"
"1134731","Vinchia","71.36666700","22.20000000"
"1134735","Vingni","72.70000000","21.68333300"
"1134739","Vinjhan","69.01666700","23.11666700"
"1134749","Viramgam","72.03333300","23.11666700"
"1134755","Virani","69.26666700","23.38333300"
"1134753","Virani Mota","69.26666700","23.38333300"
"1134754","Virani Nana","69.26666700","23.38333300"
"1134777","Virpur","73.48333300","23.18333300"
"1134787","Virwao","70.68333300","22.55000000"
"1134791","Visavadar","70.68333300","21.38333300"
"1134792","Visavadi","71.71666700","23.33333300"
"1134793","Visavedar","70.68333300","21.38333300"
"1134804","Visnagar","72.55000000","23.70000000"
"1134810","Vithalapur","72.05000000","23.36666700"
"1134811","Vithalgadh","71.96666700","22.98333300"
"1134812","Vithalpur","72.05000000","23.36666700"
"1134813","Vithodar","72.18333300","24.41666700"
"1134816","Vitoj","73.45000000","22.40000000"
"1134830","Vvara","73.40000000","21.11666700"
"1134832","Vyara","73.40000000","21.11666700"
"1134448","Vánta","72.91666700","22.48333300"
"1134842","Wadal","71.53333300","21.20000000"
"1134839","Wadala","70.11666700","22.03333300"
"1134841","Wadali","70.30000000","21.96666700"
"1134843","Wadapadhar","68.85000000","23.15000000"
"1134847","Wadbhet","74.00000000","22.61666700"
"1134852","Wadgam","72.41666700","22.31666700"
"1134864","Wadhwan","71.68333300","22.70000000"
"1134861","Wadhwan Camp","71.68333300","22.70000000"
"1134862","Wadhwan City","71.68333300","22.70000000"
"1134863","Wadhwan Civil Station","71.68333300","22.70000000"
"1134872","Wadsar","68.76666700","23.33333300"
"1134877","Wagatalao","72.46666700","22.48333300"
"1134881","Waghai","73.48333300","20.76666700"
"1134882","Waghnagar","71.80000000","21.10000000"
"1134884","Waghoria","73.38333300","22.30000000"
"1134885","Waghroli","73.30000000","22.88333300"
"1134888","Wagnugga","71.80000000","21.10000000"
"1134898","Wainaj","72.40000000","23.21666700"
"1134899","Wainej","72.40000000","23.21666700"
"1134909","Wakal","73.23333300","21.43333300"
"1134917","Walan","73.08333300","21.95000000"
"1134920","Walasan","72.88333300","22.55000000"
"1134929","Walsad","72.93333300","20.63333300"
"1134941","Wamleshwar","72.68333300","21.50000000"
"1134946","Wanch","72.68333300","22.93333300"
"1134950","Wandhia","70.63333300","23.25000000"
"1134966","Wankaner","70.93333300","22.61666700"
"1134972","Wansda","73.36666700","20.75000000"
"1134974","Wanthali","70.33333300","22.45000000"
"1134979","Warai","71.45000000","23.80000000"
"1134991","Wardhari","73.45000000","23.10000000"
"1134995","Wargam","71.76666700","23.36666700"
"1135006","Wari","73.35000000","21.48333300"
"1135014","Warsara","71.66666700","23.98333300"
"1135024","Wasan","72.13333300","22.95000000"
"1135029","Waskui","73.36666700","21.18333300"
"1135031","Wasna","73.73333300","22.13333300"
"1135036","Wataman","72.40000000","22.53333300"
"1135054","Watuwa","72.61666700","22.95000000"
"1135075","Wergaum","72.41666700","22.31666700"
"1135092","Wisawari","71.71666700","23.33333300"
"1135104","Wondh","70.40000000","23.30000000"
"1135113","Wumlasir","72.68333300","21.50000000"
"1135324","Zainabad","71.76666700","23.28333300"
"1103490","Ákria","71.45000000","22.10000000"
"1114910","Ïdar","73.00000000","23.83333300"